{
    "directory":[],
    "sql_file": "",
    "files": [
        {
            "root_directory" : "update/update_2.15/application/controllers/Admin.php",
            "update_directory" : "application/controllers/Admin.php"
        },
        {
            "root_directory" : "update/update_2.15/application/controllers/Home.php",
            "update_directory" : "application/controllers/Home.php"
        },
        {
            "root_directory" : "update/update_2.15/application/controllers/Install.php",
            "update_directory" : "application/controllers/Install.php"
        },
        {
            "root_directory" : "update/update_2.15/application/helpers/listing_helper.php",
            "update_directory" : "application/helpers/listing_helper.php"
        },
        {
            "root_directory" : "update/update_2.15/application/helpers/multi_language_helper.php",
            "update_directory" : "application/helpers/multi_language_helper.php"
        },
        {
            "root_directory" : "update/update_2.15/application/models/Addon_model.php",
            "update_directory" : "application/models/Addon_model.php"
        },
        {
            "root_directory" : "update/update_2.15/application/models/Crud_model.php",
            "update_directory" : "application/models/Crud_model.php"
        },
        {
            "root_directory" : "update/update_2.15/application/models/Email_model.php",
            "update_directory" : "application/models/Email_model.php"
        },
        {
            "root_directory" : "update/update_2.15/application/models/Frontend_model.php",
            "update_directory" : "application/models/Frontend_model.php"
        },
        {
            "root_directory" : "update/update_2.15/application/models/User_model.php",
            "update_directory" : "application/models/User_model.php"
        },
        {
            "root_directory" : "update/update_2.15/application/models/Video_model.php",
            "update_directory" : "application/models/Video_model.php"
        },
        {
            "root_directory" : "update/update_2.15/application/views/frontend/opening_and_closing_time_schedule.php",
            "update_directory" : "application/views/frontend/opening_and_closing_time_schedule.php"
        },
        {
            "root_directory" : "update/update_2.15/application/views/frontend/opening_and_closing_time_schedule.php",
            "update_directory" : "application/views/frontend/opening_and_closing_time_schedule.php"
        }
    ]
  }
